{
  "test_date": "2025-11-21T17:20:27.100732",
  "benchmarks": [
    {
      "system": "ClickHouse",
      "benchmark": "Simple Aggregation",
      "avg_ms": 97.77,
      "min_ms": 68.48,
      "max_ms": 201.26,
      "runs": 5
    },
    {
      "system": "Elasticsearch",
      "benchmark": "Simple Aggregation",
      "avg_ms": 53.27,
      "min_ms": 31.41,
      "max_ms": 138.34,
      "runs": 5,
      "result_count": 10000
    },
    {
      "system": "ClickHouse",
      "benchmark": "Multi-Level GROUP BY",
      "avg_ms": 104.03,
      "min_ms": 71.28,
      "max_ms": 214.43,
      "runs": 5
    },
    {
      "system": "Elasticsearch",
      "benchmark": "Multi-Level GROUP BY",
      "avg_ms": 56.77,
      "min_ms": 33.73,
      "max_ms": 143.6,
      "runs": 5,
      "result_count": 10000
    },
    {
      "system": "ClickHouse",
      "benchmark": "Time-Series Aggregation",
      "avg_ms": 97.56,
      "min_ms": 69.8,
      "max_ms": 202.37,
      "runs": 5
    },
    {
      "system": "Elasticsearch",
      "benchmark": "Time-Series Aggregation",
      "avg_ms": 69.08,
      "min_ms": 33.8,
      "max_ms": 204.33,
      "runs": 5,
      "result_count": 10000
    },
    {
      "system": "ClickHouse",
      "benchmark": "Filter + Aggregation",
      "avg_ms": 99.41,
      "min_ms": 70.06,
      "max_ms": 208.49,
      "runs": 5
    },
    {
      "system": "Elasticsearch",
      "benchmark": "Filter + Aggregation",
      "avg_ms": 52.29,
      "min_ms": 29.81,
      "max_ms": 137.54,
      "runs": 5,
      "result_count": 9881
    },
    {
      "system": "ClickHouse",
      "benchmark": "JOIN Performance",
      "avg_ms": 101.98,
      "min_ms": 72.77,
      "max_ms": 211.9,
      "runs": 5
    },
    {
      "system": "Elasticsearch",
      "benchmark": "JOIN Performance",
      "avg_ms": 261.9,
      "min_ms": 153.16,
      "max_ms": 556.12,
      "runs": 5
    },
    {
      "system": "ClickHouse",
      "benchmark": "Complex Analytical Query",
      "avg_ms": 103.88,
      "min_ms": 73.96,
      "max_ms": 210.59,
      "runs": 5
    },
    {
      "system": "Elasticsearch",
      "benchmark": "Complex Analytical Query",
      "avg_ms": 62.36,
      "min_ms": 32.13,
      "max_ms": 173.8,
      "runs": 5,
      "result_count": 10000
    },
    {
      "system": "ClickHouse",
      "benchmark": "Concurrent Load",
      "avg_ms": 240.65,
      "min_ms": 213.79,
      "max_ms": 294.29,
      "runs": 3
    },
    {
      "system": "Elasticsearch",
      "benchmark": "Concurrent Load",
      "avg_ms": 158.0,
      "min_ms": 156.48,
      "max_ms": 159.31,
      "runs": 3
    }
  ]
}