[
  {
    "system": "ClickHouse",
    "benchmark": "Avg Fare by Passenger",
    "avg_ms": 156.74,
    "min_ms": 83.99,
    "max_ms": 414.75
  },
  {
    "system": "Elasticsearch",
    "benchmark": "Avg Fare by Passenger",
    "avg_ms": 133.62,
    "min_ms": 32.19,
    "max_ms": 536.78
  },
  {
    "system": "ClickHouse",
    "benchmark": "Long Trips Count",
    "avg_ms": 100.73,
    "min_ms": 70.47,
    "max_ms": 211.24
  },
  {
    "system": "Elasticsearch",
    "benchmark": "Long Trips Count",
    "avg_ms": 52.51,
    "min_ms": 29.93,
    "max_ms": 138.71
  },
  {
    "system": "ClickHouse",
    "benchmark": "Top 10 Pickup Zones",
    "avg_ms": 112.17,
    "min_ms": 71.61,
    "max_ms": 267.77
  },
  {
    "system": "Elasticsearch",
    "benchmark": "Top 10 Pickup Zones",
    "avg_ms": 70.36,
    "min_ms": 31.41,
    "max_ms": 219.48
  }
]